,estimated_annual_mwh,usable_area_acres,kwh_per_kwdc,grid_line_distance_km,substation_distance_km,road_distance_km,mean_slope_deg,p90_slope_deg,water_overlap_pct
estimated_annual_mwh,1.0,0.9995825327799672,0.1368388959484779,-0.2753027244410075,-0.1938024247596636,-0.28436368076794144,0.061164549888442846,0.12477061958393083,0.2804430725690352
usable_area_acres,0.9995825327799672,1.0,0.11743863635014634,-0.27312931641597693,-0.1937626349786168,-0.2839825752867074,0.06738726330532896,0.13019307037320704,0.28006516789308955
kwh_per_kwdc,0.1368388959484779,0.11743863635014634,1.0,-0.12908243716522635,0.012732928188339007,0.026388824342185552,-0.09157930291334246,-0.04086051903438953,0.04167898264093699
grid_line_distance_km,-0.2753027244410075,-0.27312931641597693,-0.12908243716522635,1.0,0.6354491553243303,0.10692798332660866,0.07723420008028467,0.08590254728556206,-0.03754956978821505
substation_distance_km,-0.1938024247596636,-0.1937626349786168,0.012732928188339007,0.6354491553243303,1.0,0.15858815938882234,0.07445456062031829,0.07408311371133953,-0.024426609061141233
road_distance_km,-0.28436368076794144,-0.2839825752867074,0.026388824342185552,0.10692798332660866,0.15858815938882234,1.0,-0.06694214526790192,-0.03602540586653635,-0.13972088808900762
mean_slope_deg,0.061164549888442846,0.06738726330532896,-0.09157930291334246,0.07723420008028467,0.07445456062031829,-0.06694214526790192,1.0,0.9650922657813316,0.10880184717961122
p90_slope_deg,0.12477061958393083,0.13019307037320704,-0.04086051903438953,0.08590254728556206,0.07408311371133953,-0.03602540586653635,0.9650922657813316,1.0,0.17343086359603946
water_overlap_pct,0.2804430725690352,0.28006516789308955,0.04167898264093699,-0.03754956978821505,-0.024426609061141233,-0.13972088808900762,0.10880184717961122,0.17343086359603946,1.0
